tweet_id	rater1	rater2	rater3	rater4	rater5
393082359123558400	1	1	2	2	5
393082359123558400	1	1	2	2	5
335745744403316736	0	5	1	0	5
335745744403316736	0	5	1	0	5
432998964598951936	0	1	2	1	0
190418202180853762	1	2	2	1	1
350277761509765122	2	1	-1	1	0
361022504501919745	0	-1	0	1	0
358011000819159041	1	1	2	1	1
428865721985024000	-1	1	2	1	0
300693414461198337	0	1	2	1	0
420675227807662081	1	1	-1	1	0
420675227807662081	1	1	-1	1	0
357156399131791360	1	1	1	1	1
363122561078398977	1	-2	1	0	0
420958345491918848	1	0	0	2	2
420958345491918848	1	0	0	2	2
314356211162173440	0	1	0	1	1
273629668727455745	1	-1	0	1	2
421177289351909376	1	0	0	2	2
195589406965501952	1	-1	1	1	2
403592664094089216	1	-2	0	2	0
330308240296513538	1	0	-1	1	-2
421773717375823872	1	1	1	1	-1
436202341453139969	-1	5	1	1	-2
329253976744816642	2	1	1	1	-1
399922154382589952	1	0	1	2	1
399922154382589952	1	0	1	2	1
408564351013244928	0	5	1	1	1
405013821653139456	0	1	-1	0	0
368380141212151809	-2	2	-1	-1	-1
324565228127940610	-2	1	-1	1	-2
150757372489498625	1	1	2	2	1
388666862231646208	0	2	1	-1	-1
414126320801415169	1	1	2	2	1
395591534516523009	-1	0	2	2	-1
395591534516523009	-1	0	2	2	-1
414757532289474560	0	1	-1	2	-2
433655718416482304	0	1	5	0	-1
399670351975960576	1	1	2	2	-2
363237338916192258	1	0	0	2	1
424556919551188993	1	1	2	2	-1
424556919551188993	1	1	2	2	-1
420402600534867968	1	0	1	0	1
358262743519858688	0	2	2	1	0
430010354957942785	1	1	1	1	1
397443504466436096	1	0	-1	1	1
419018515853881344	0	0	1	-1	1
395210148030840833	1	-1	1	1	-1
349855692892536832	1	-1	1	0	1
349855692892536832	1	-1	1	0	1
410096170141503488	1	-1	1	1	1
410096170141503488	1	-1	1	1	1
228973340642140161	-1	1	5	-2	-1
227741238902784000	-1	1	5	1	1
339770610026684417	-1	1	0	0	1
339770610026684417	-1	1	0	0	1
427280135188803584	1	1	0	1	0
307865150499729408	-1	1	5	1	-1
420929834542317568	1	1	0	1	0
430011035094093824	1	1	5	1	1
431904751681155072	0	1	5	1	1
294873173453856768	1	-2	0	1	2
421079137986830336	1	-1	-2	1	2
306839690563182592	1	2	0	1	2
306839690563182592	1	2	0	1	2
420706406803591168	1	-2	-2	1	1
336139082197520386	1	1	0	1	1
420666122401484800	1	1	0	1	1
430764116694007810	1	-1	-1	1	1
419519990904418304	1	1	0	0	2
385596433866702848	1	2	1	0	1
405373793356353536	1	-1	-1	0	0
405373793356353536	1	-1	-1	0	0
415555323555229696	1	1	0	0	0
422566178176110592	1	1	0	1	5
391215739300225024	1	5	5	5	5
376107002772324352	1	1	2	2	1
430075888215285760	1	0	5	2	1
280714508954120193	1	2	2	2	2
375982390524788736	1	2	0	0	5
360082369815916544	1	1	1	1	2
418815492262875136	1	1	-1	1	2
373866876922650625	1	1	-2	1	2
421779275730014208	1	1	5	1	5
349644454799486976	0	0	-2	1	2
340557021386514432	1	1	2	1	2
10200117294	0	1	2	1	0
406643556305342464	1	1	2	1	2
365064039115669504	1	1	2	1	2
385213004977303552	1	1	2	1	2
413714104491065344	1	1	2	0	1
425609239156236288	1	1	1	1	2
387565496193011712	1	1	1	1	2
289809505548636162	1	1	2	1	2
421319732344938496	1	1	1	1	2
329241334026219520	1	1	-1	1	-1
365915912185970689	1	1	1	1	2
389040402575417345	1	1	2	1	2
400728262696919040	1	1	0	-1	0
417332620087656448	1	2	-1	1	0
433050269753278464	5	1	1	1	-1
433431650752790528	-1	2	-1	5	0
428768555707138048	-1	1	-2	0	-2
397890790363762688	-1	1	0	0	0
353183410174443521	-1	1	-1	5	0
422773931406548992	-2	1	-1	0	0
422773931406548992	-2	1	-1	0	0
412697919377408000	1	1	1	5	0
430683757109334016	1	0	1	0	5
388016321692438528	0	1	1	0	2
428959170881011712	0	1	1	-1	5
380679988116455424	1	2	1	0	1
418860723012255744	1	1	1	1	2
394888729912807424	1	2	1	1	1
421318971086733312	1	1	1	0	2
410961873048072192	0	0	1	1	5
410961873048072192	0	0	1	1	5
264390831081926656	0	-1	1	0	1
432859496323756032	1	2	1	2	1
417644712153972737	1	0	0	5	2
398536592916500480	1	2	1	2	2
398536592916500480	1	2	1	2	2
160169601953574913	1	1	1	1	-1
408417424757641216	1	1	1	1	1
408417424757641216	1	1	1	1	1
331162544964251648	1	1	1	1	2
383981957681381376	1	1	1	1	1
375249578267648000	0	2	0	1	2
262941159360458752	1	2	0	1	1
324349509666758657	1	0	1	1	1
435554631045742594	1	1	1	1	1
10926829208	1	1	1	1	2
305688994639925248	0	1	1	2	2
291636243291320320	1	1	1	1	1
345160491196375041	0	1	1	1	5
399565077420187648	1	2	1	1	-1
262254340272689152	1	1	1	1	2
393050588918710273	0	1	1	2	5
413378550889078784	1	1	1	1	2
403014329051521024	0	2	2	1	1
425251893544501248	1	1	2	2	2
104625168965570561	1	-2	2	2	1
385498537641115648	1	2	2	1	5
385498537641115648	1	2	2	1	5
390515771388223488	1	1	2	2	1
401035545566269440	2	2	2	2	2
417320644276387840	1	2	2	1	-1
343747128125972480	1	0	2	2	1
405806172654927872	1	1	2	2	5
385170467180806145	1	1	2	2	5
411301878987649025	0	-1	1	2	-1
233176030079221761	1	-1	-2	2	1
405089341262663680	1	1	1	2	1
389351623325396992	1	1	2	2	5
281825526883164160	1	-1	1	2	1
281825526883164160	1	-1	1	2	1
281825526883164160	1	-1	1	2	1
402934539271430144	1	1	1	2	1
432970566413611008	2	-1	-1	2	0
398899192115908609	1	0	-1	-1	5
392992680307073024	0	0	1	0	-1
434420664024715264	0	0	1	0	-1
393757816910905344	5	1	1	5	5
434000949594435584	1	2	1	1	2
429236431090114561	2	2	1	1	1
430430244215218176	1	1	1	1	5
428410637178662912	0	1	1	0	0
428410637178662912	0	1	1	0	0
399193913518342144	-1	0	1	1	1
399193913518342144	-1	0	1	1	1
370275782062403586	2	1	1	1	2
421683332246540289	1	1	1	-1	2
240633403962183680	1	0	-1	-2	1
402996152401801216	1	1	1	-2	2
380411440957374464	1	1	1	1	2
433297608069505024	2	2	2	0	2
402633692381597696	-1	1	1	5	2
385811639309586432	2	1	1	-1	2
392774109257818112	1	2	1	-1	2
433263023231221760	1	1	1	1	1
407897946219229185	2	1	0	1	2
407897946219229185	2	1	0	1	2
359734315304755202	1	1	1	1	2
430854927301107712	1	1	1	-1	2
18442118069	2	1	1	1	2
411333671413501952	1	1	1	1	2
335081371120832512	2	1	1	2	2
302136190272937984	0	1	1	1	2
344506119760269313	1	1	1	5	2
344506119760269313	1	1	1	5	2
295979645495554048	0	2	1	2	1
349590779615903744	-1	2	1	2	-1
420574569171550208	0	1	2	2	2
268785076182065154	-2	1	2	2	5
266023334427389952	-1	2	2	2	2
349912769140760576	0	2	2	2	5
215203576740458497	0	1	2	2	1
401041262364471296	1	1	2	2	0
379731941571842048	0	2	2	2	0
370554989480902656	0	1	1	1	1
407337310124916736	1	1	1	1	1
432313107130503168	1	0	1	2	0
428825180908310528	1	2	0	-2	-2
376435444130775040	1	1	2	2	1
174827205166247936	1	1	1	-2	1
266982615142264833	1	2	1	2	2
405734230300565504	1	2	1	0	1
366916681211195392	1	0	1	-2	-1
429356820767846400	1	1	1	1	1
393382926223556609	1	0	5	1	2
407976135037693952	1	-1	5	-1	2
268790296660303872	2	1	1	1	2
348797131550752769	2	1	1	1	2
343299187263279104	2	-1	5	5	1
421708870604423168	2	0	2	1	2
420522464473407488	2	1	5	1	2
398601882551480320	1	1	2	1	1
398601882551480320	1	1	2	1	1
413002343857152000	1	0	2	1	2
173500882657349633	1	1	2	1	1
173500882657349633	1	1	2	1	1
407593312707948545	1	1	2	1	1
365519022726463489	1	2	2	2	1
417255169026310144	1	2	2	2	1
422910038383296512	1	2	2	2	2
335390303596986370	1	2	2	1	1
411137053833695232	2	1	2	1	2
402660085295751168	1	1	2	1	1
335390303596986370	1	2	2	1	1
197319768645173248	2	1	1	1	0
392714251455848450	-1	1	0	1	5
434061581224529920	0	0	0	1	5
256576353153978368	0	1	1	1	1
341507270036832258	1	0	1	1	0
341507270036832258	1	0	1	1	0
409100974792658944	2	1	1	2	-1
2451744474	2	1	1	1	1
434828722097909761	2	2	1	1	0
425807610399293441	2	2	1	2	5
422600529110646784	1	1	1	2	2
370615566077161472	1	1	1	1	2
370615566077161472	1	1	1	1	2
323428337064230914	1	0	1	2	2
428283990156394496	1	1	2	1	1
395352684988866560	1	0	1	1	2
395352684988866560	1	0	1	1	2
422848658284216320	1	1	0	1	2
403655711164346368	1	1	1	1	2
403655711164346368	1	1	1	1	2
393344251418775552	5	0	1	1	1
412981605439782912	1	2	1	1	1
388429671320518658	1	-1	1	0	0
388429671320518658	1	-1	1	0	0
399396091696656384	5	0	0	0	2
399396091696656384	5	0	0	0	2
375352817591910400	1	1	1	1	1
390220295690522626	1	2	1	1	0
70127096336359424	1	-1	1	1	1
401425447012950016	1	1	1	2	1
379792128936652800	1	-1	5	1	1
300285296979881984	0	1	1	2	1
386117765821509632	1	1	-1	2	1
386117765821509632	1	1	-1	2	1
388754153272803329	5	1	-1	2	5
403481938230398977	1	1	-1	2	-1
372564349526634496	1	2	2	2	1
363367703488118786	1	2	1	2	-1
424215391921909760	1	-2	1	2	0
423528306705588225	1	1	1	2	0
421011952052080640	0	1	1	1	1
367424111720816640	1	1	2	1	1
430374051522289664	2	0	1	1	0
431288790876188673	0	2	1	1	-1
349763802776092672	1	0	1	1	0
393408808803770370	1	0	2	1	0
224511509433290756	1	2	1	-1	1
224511509433290756	1	2	1	-1	1
395263749801521152	0	2	5	5	0
395263749801521152	0	2	5	5	0
395263749801521152	0	2	5	5	0
395263749801521152	0	2	5	5	0
393111017619603457	1	1	1	1	1
154918364744138752	1	2	1	1	2
403307986497449985	0	-1	-1	-1	2
403332826713444352	1	1	2	1	2
431655066534039552	0	1	2	1	1
369460932402876416	0	1	1	1	2
404453795427389441	-1	-1	1	2	1
267250688483024896	1	1	0	1	1
399965982749638656	1	1	1	1	1
420995522879815681	0	1	1	2	2
422458033281974272	1	1	0	-1	0
422458033281974272	1	1	0	-1	0
402913389133168640	1	5	5	1	0
428611619719876609	1	1	1	-1	1
428611619719876609	1	1	1	-1	1
392660945123561472	1	1	0	1	0
405339870882586624	2	2	1	0	1
334365332242305024	1	-1	0	1	0
424201563205533696	0	1	1	0	1
431114836236582912	1	1	0	-1	1
423135477378457600	1	1	2	1	1
91549999397212161	2	1	5	1	0
299265467644784640	1	-2	1	2	1
432446352396939264	2	0	0	0	1
334469558423388160	2	1	1	2	1
334469558423388160	2	1	1	2	1
402913935172460544	1	5	1	2	0
402913935172460544	1	5	1	2	0
402913935172460544	1	5	1	2	0
27564812993	2	1	1	2	2
167289917335011330	2	5	0	1	0
434711326426804226	2	2	-1	5	2
317635057957347328	1	1	2	2	0
414163361719672832	-2	1	-1	-2	-1
393047654050955264	2	1	2	2	1
408757154837839872	1	1	2	1	1
408757154837839872	1	1	2	1	1
425686209059651584	1	1	2	1	0
398457050620887040	2	1	2	2	5
436205700029890560	1	1	2	0	0
381139889195978753	1	1	2	1	0
430500240295469056	2	1	2	1	-1
383985132077449217	1	5	1	1	1
349897735564046338	1	1	1	2	2
349897735564046338	1	1	1	2	2
7997718749	0	1	1	2	-1
7997718749	0	1	1	2	-1
419220047165284352	1	1	1	2	0
429369229822144512	1	2	1	-1	1
233259470451527680	1	0	5	1	-1
233259470451527680	1	0	5	1	-1
308218284216573952	1	5	5	2	0
413432273162502144	1	1	1	-1	2
380357709813395456	1	5	-1	1	2
300285296979881984	2	1	0	1	2
373991175096512513	2	1	1	1	2
424307169496821760	1	2	1	1	2
352392093982928896	1	1	0	1	0
431114341627494401	1	1	1	1	0
398786274053468160	2	0	-1	1	1
410525077327732736	0	5	5	1	0
410525077327732736	0	5	5	1	0
402882804314554368	1	0	-1	0	5
382510044337565696	0	1	-1	-2	5
431430577099534336	1	1	0	0	0
420242983632793600	1	1	2	1	5
4734107495	1	1	0	0	0
429314054570926080	1	0	1	0	1
274511510473170946	0	2	1	0	1
407510014350213120	2	-2	-1	-2	-2
407510014350213120	2	-2	-1	-2	-2
407510014350213120	2	-2	-1	-2	-2
408337680377077760	1	1	0	1	1
316600851890331649	2	1	5	1	1
378123639716995073	1	2	1	2	-1
378123639716995073	1	2	1	2	-1
398118597232295936	5	0	0	0	-1
336143949636972545	5	1	0	5	2
17421537632	1	1	5	1	2
419880768987357184	-2	-2	-2	-2	-2
244603576314384384	1	-1	1	5	-2
420694023569801217	1	0	2	0	2
411626837702615041	1	1	1	0	2
411626837702615041	1	1	1	0	2
428247114267643905	1	5	1	1	0
427904252816945154	1	5	1	-1	2
109640841781444608	0	5	1	0	2
109640841781444608	0	5	1	0	2
433600670726254593	0	0	2	0	1
387991933563711488	1	0	1	0	1
369893187436818432	1	5	1	2	1
369893187436818432	1	5	1	2	1
310013631410622464	2	1	2	1	0
290172775233114113	1	0	2	2	0
324117996173930496	1	0	1	2	0
413391838859390976	1	5	1	1	0
410886791638839297	1	0	1	2	1
385428164773556224	1	0	1	0	-1
298584603915071488	1	1	0	1	1
428201330973618176	1	5	1	2	1
395258266433114112	1	0	1	1	1
400785618898550784	1	1	1	1	1
313284900696510464	1	1	-1	-2	-1
313284900696510464	1	1	-1	-2	-1
430378538530009088	5	1	-2	0	1
421842214944137216	1	1	1	1	1
243147399944622080	0	2	1	1	-1
290661622584852480	5	-2	-1	-2	-1
434720073639796737	0	1	-2	1	-2
424921138624757760	0	1	0	5	1
424921138624757760	0	1	0	5	1
421012968370110464	0	2	-2	1	1
185035864798265345	1	1	1	-2	5
434424623393169409	1	0	1	-1	1
358933311197954049	0	0	2	1	5
414119835463733248	1	1	1	-1	1
392705631184228352	1	1	0	1	0
405535059094286336	1	1	1	2	0
422843570601885696	1	2	0	1	1
317735932705001472	1	1	1	2	1
423125558206005248	1	1	1	2	1
391333001533341697	1	1	2	1	1
430818573980680192	0	2	1	1	0
425027592077709312	5	-2	1	0	-2
425027592077709312	5	-2	1	0	-2
403551877352415232	1	1	1	-1	0
421069578710810624	5	1	1	-2	-2
398860170815475712	-1	0	1	-1	-2
430728316912680960	0	1	1	1	1
417394746114703361	-1	1	1	-1	1
422834875201093633	0	0	1	2	0
387683815163822080	1	1	2	1	0
304976340224966656	2	-1	1	2	1
426488884856631296	1	0	1	1	0
395269521881063425	1	5	1	1	0
216557897369387008	1	5	1	1	0
417662006624534528	1	1	2	2	1
289061824329043968	1	2	1	1	1
421102119932796928	1	2	1	2	0
431163288874143744	1	2	1	1	1
172499235827220481	0	1	5	1	-2
422419235579912192	1	2	5	5	2
352504623350808577	-1	0	5	5	5
253687192222842881	0	1	0	5	0
253687192222842881	0	1	0	5	0
412198121993953280	1	2	5	5	5
424273157915414528	1	5	5	0	5
410466695573016576	1	1	5	5	5
297425323082014720	1	-1	0	5	1
430168611194699776	2	2	-1	5	0
400399246085861376	1	2	1	1	1
433774494780760064	2	2	5	5	5
432203484067540992	0	1	1	1	1
432203484067540992	0	1	1	1	1
426098013543481344	2	1	0	1	2
393389730005401600	1	1	5	1	5
404974047747796992	2	1	0	0	-1
390569282506989568	0	0	1	1	5
393362381935366145	0	1	5	1	2
380342221431508992	2	1	1	1	0
430342541490552832	2	1	1	1	5
281065109583958016	0	1	5	1	5
424723040438865920	0	1	1	1	1
404700174368649216	1	5	5	5	5
302218418260680705	2	5	2	0	5
427243663933333504	1	5	2	1	5
408738139558404096	1	5	5	5	5
393724477629927424	1	1	2	1	1
29558368497	0	1	2	0	5
403571249126727680	1	5	2	0	5
422937157838200833	0	1	2	0	5
420278551661654016	1	5	2	1	5
397824272229752832	1	5	2	1	5
435858033415970816	1	0	1	-2	1
435858033415970816	1	0	1	-2	1
388044008305348609	1	0	1	2	2
395684440128880640	0	0	1	2	1
425966426168778752	1	0	5	-1	0
432976032300539904	1	0	2	0	2
432976032300539904	1	0	2	0	2
431853997394116608	1	1	1	2	2
400431255386222592	0	0	0	-1	2
431074695492820992	1	1	1	1	2
263312780344561666	1	2	1	1	1
419925040722083841	1	2	1	0	1
419925040722083841	1	2	1	0	1
382239077136732163	1	0	1	0	5
381423504367034368	1	0	1	5	5
256576478836301825	0	2	5	2	2
430383370187862016	1	0	5	5	5
423837509324271616	1	1	1	1	5
391606880570986496	1	0	5	5	5
391606880570986496	1	0	5	5	5
435862368221159424	0	1	1	1	1
249793274976546816	1	1	1	0	1
421303100247248896	1	1	1	-1	2
421303100247248896	1	1	1	-1	2
403903188841275393	1	1	0	2	2
413316973905182720	1	0	1	0	2
421398369752215553	1	1	0	1	2
403668652538359810	1	1	-1	-1	-1
429419593560776704	1	1	-2	0	-1
434311118241026048	1	0	0	-1	-1
418170482307772416	1	1	-1	2	-1
423148516530069504	1	1	0	2	-2
197731820379443201	1	1	-1	2	-1
402134733507022848	1	1	0	1	0
402134733507022848	1	1	0	1	0
426456281751519234	0	1	1	-1	0
307115170122043392	1	1	1	-1	0
401040455401340928	1	1	1	1	1
407624540152279040	1	1	1	-1	-1
436171336646275072	0	1	1	-1	5
390526051656695808	1	1	1	1	1
393158997491990528	1	-1	1	2	-1
436170874765733888	0	0	0	-1	0
421047951503273984	1	0	1	1	-1
432920786148790272	1	1	1	-1	-1
432922017172844544	1	1	1	-1	-1
421038102031769600	1	-1	1	1	-1
421038102031769600	1	-1	1	1	-1
431271789428482049	1	0	1	-1	-2
413314741130362882	0	1	1	-1	0
265611097237778433	1	-1	1	-1	0
405016432553250816	1	-1	1	-1	-1
407650983422869504	1	-1	0	0	0
407650983422869504	1	-1	0	0	0
357464366385336320	1	1	1	1	0
341182136088403969	1	1	0	0	-1
433584193537576960	1	1	0	0	1
410123405237551104	1	1	0	1	-1
356405776199331842	1	1	1	1	-1
280703962439639040	1	2	0	1	5
427092702145282049	5	0	1	2	5
124214938393784320	1	-1	0	1	0
425750741475946497	-2	1	0	0	5
435974792014217216	-1	1	5	0	1
430308650683756545	1	1	5	-1	0
379342496918016000	1	0	5	1	5
263803341639938051	0	1	-2	1	-2
416248153512615936	-1	1	0	1	-1
411603252552032256	1	1	0	1	0
402787523011051520	0	1	0	1	0
381178787490459648	-1	1	5	1	0
428332423597002752	0	1	0	1	1
109383035861999616	1	0	0	1	0
385166650657734657	1	1	1	1	-1
436088037525966848	-1	1	0	1	1
302185974161629184	1	1	1	2	0
302185974161629184	1	1	1	2	0
366348548113055746	2	0	1	-2	1
366348548113055746	2	0	1	-2	1
384837141290696704	1	2	1	5	1
388703017828376576	0	2	1	5	1
435888223043469312	-1	1	1	1	1
428879069967843329	1	-2	2	-2	-2
258585753649573888	0	1	1	0	-2
381791511262035968	1	0	1	0	1
381791511262035968	1	0	1	0	1
336144983339978753	1	1	1	-1	2
265858423143415810	-2	2	-2	5	0
364474441784635392	1	1	5	5	2
416248113074954240	0	1	1	0	1
397907353976053760	1	0	1	5	2
357964369017057280	2	1	1	1	2
382653050831503360	1	1	1	1	-1
361950418563112960	5	1	1	1	1
405737940078186496	5	1	0	1	0
405737940078186496	5	1	0	1	0
400424577832321024	2	1	-1	1	-2
161643625913131008	1	1	1	2	2
161643643449507841	1	1	1	2	2
403366411017256961	0	1	2	2	2
387933198615080960	5	0	1	1	1
387933198615080960	5	0	1	1	1
413058147775836160	2	1	-1	-1	-1
336821460502986752	1	2	-1	1	2
365201132588515330	1	1	1	1	2
411633019058159617	1	1	1	1	2
388353511341043713	1	1	-2	1	2
401821147614162946	5	1	5	5	2
349934487565643776	1	1	1	5	2
342973624648609793	1	1	-1	1	2
429028390713036800	1	1	0	1	2
324568477132283904	1	2	1	1	2
434325725278007296	0	1	2	1	2
384773402025672704	1	1	2	2	1
289870425201205250	1	1	2	1	-1
395959478178164736	0	1	2	2	2
404413759395217408	1	1	1	2	2
349131482205392898	1	0	2	2	2
385834707662798848	1	1	2	2	5
340137395800391680	1	1	1	2	2
379707746259828736	0	1	0	1	5
379707746259828736	0	1	0	1	5
428374630899122177	1	1	2	1	5
337316806333190144	1	1	1	2	5
434242503265751040	1	1	1	2	0
379769153243983872	1	1	2	2	5
433374818193657856	1	1	1	2	5
379768614812782592	1	1	2	2	0
379768614812782592	1	1	2	2	0
380713900678709248	1	0	0	1	0
424314493842104320	1	2	0	1	0
431123501483687936	1	1	1	2	0
415306729338204161	1	1	2	2	-1
387058353484365824	1	2	1	1	2
337285085957091329	2	1	1	1	1
337285085957091329	2	1	1	1	1
270984241276416000	1	2	1	2	0
426775233006424064	-2	2	1	1	-1
382489452276617216	-1	2	1	1	-1
136544988279476224	1	2	1	2	5
428942989994373120	2	2	1	2	0
436058820704751616	2	2	1	2	1
353863337257349120	-1	2	1	1	1
419568790389944320	1	1	1	-1	1
419568790389944320	1	1	1	-1	1
407395170540199936	2	0	1	0	0
377637967734390784	1	1	1	-1	1
412948098382434304	1	1	1	1	5
435940668783869952	2	2	1	1	5
433279925609439232	1	1	1	1	5
430739292567400448	1	0	1	-1	5
337497237645053952	1	0	1	2	1
1280364626575360	5	5	2	1	1
325281232818679808	1	1	1	1	0
356886576598487041	0	0	1	1	2
390532817484283904	5	5	5	-1	0
391245577402322944	5	0	1	-1	2
412935970531446784	5	1	0	1	0
390532409076498432	5	5	1	1	1
424238617297289216	5	1	0	1	2
424238617297289216	5	1	0	1	2
324931370138873857	5	2	5	-2	2
393906916499275776	1	1	1	5	5
303927101524934657	1	1	2	1	5
377507397860077569	1	1	1	1	1
346527941305462785	1	1	2	1	2
346527941305462785	1	1	2	1	2
410799263224832000	1	0	2	1	1
380679503300677632	1	1	1	1	5
317358153303990272	1	1	1	1	1
313277230568570880	1	1	2	5	1
313277230568570880	1	1	2	5	1
313277230568570880	1	1	2	5	1
400725899433476096	5	1	1	1	1
365917059105832960	5	1	0	-1	1
358820803862736897	0	0	1	1	0
363404399508328448	5	1	1	1	1
375002182694629376	5	0	1	-1	1
365916451607027712	-1	1	1	1	0
365916451607027712	-1	1	1	1	0
280457422382960640	1	2	1	1	1
434385548636356608	-1	-1	1	-1	0
399557895378833408	0	1	1	1	1
409099278989021184	1	1	1	1	0
434483885125013504	0	1	5	2	1
426789098133938176	1	1	2	1	1
423179150619181056	5	2	5	1	5
423179150619181056	5	2	5	1	5
423179150619181056	5	2	5	1	5
387182665704538112	1	2	5	2	-1
393458755372740608	1	2	1	0	2
384775211440427008	2	2	-2	-2	5
294169396245561344	0	2	-1	1	5
431123266367811585	0	2	1	-2	5
16786576834	2	5	1	0	-1
403884918314655746	0	0	1	1	5
403215897625522176	1	-2	5	1	5
428359360407142400	1	5	5	1	-1
431983153192767489	2	0	5	0	-2
428283726209228800	0	5	1	0	-1
435640220403249153	0	5	5	1	5
431273598041718784	-1	5	1	0	0
432543402417483776	0	-1	1	0	5
398122300999860224	1	0	1	1	1
368098104886575104	5	0	1	1	0
93879607635353600	5	5	5	5	5
389572688140050432	1	5	1	-2	0
384303462814855169	5	5	5	-1	5
427790830372265984	1	0	-1	1	0
403914878001610752	1	0	0	1	0
426126236780625920	1	0	0	2	0
431892510466912256	5	5	5	5	5
390522345259270144	5	5	-1	1	5
401111528197197824	0	0	0	2	-1
424333090803433472	-1	-1	-1	0	1
423946727654440960	-1	-1	-1	0	1
423938923946319873	-1	-1	-1	0	2
363044868999753728	1	2	1	1	2
425617792436822016	1	2	1	1	1
281381797017812992	1	0	-1	1	5
414122514215079936	1	0	1	1	1
266937595920015360	1	1	-1	1	1
425036247665344512	1	0	2	1	2
425036247665344512	1	0	2	1	2
363396318820966400	1	1	0	5	1
403886826018316288	1	1	1	1	2
376445610410639360	1	1	0	5	2
395712747452649472	1	1	2	5	2
415510041823690752	1	1	0	5	-1
95463779147579392	1	1	0	5	2
294113922926137346	1	0	1	1	-1
435271784007741441	1	1	-1	5	-1
426014514031890432	0	1	-2	5	1
363100111741517824	2	1	5	0	5
428238757754445824	2	1	2	2	1
414838267175907329	1	1	1	2	1
410071341023236096	2	1	2	2	1
428968915835031552	-1	1	1	1	1
400398539424948224	1	1	1	1	5
423497159254618113	1	1	0	2	5
390523935965847552	1	1	1	1	1
402907626649825280	1	1	1	1	5
391283737708593152	1	2	1	1	1
391283737708593152	1	2	1	1	1
400656022320070656	1	2	2	1	2
390565362237857792	2	0	2	1	2
390565362237857792	2	0	2	1	2
350255929977090050	2	5	2	1	5
17339429698	1	1	1	1	1
410892655514505216	2	0	1	1	0
410892655514505216	2	0	1	1	0
351321958379569152	2	2	1	1	2
433250498821750784	1	2	1	1	1
407589335392071681	1	1	0	2	-1
430748773585666049	0	0	1	2	-1
377170120721711105	1	1	5	2	-1
429799814881370113	1	1	1	2	1
7693352806	2	1	5	2	1
401013009713086464	0	0	0	2	1
279568342094864384	1	1	5	5	0
429904125283672064	1	1	1	2	1
401064079034687488	1	1	1	2	1
433783670978404352	0	1	2	2	-1
408326377386287105	2	5	2	1	-1
368482872283242497	1	1	0	2	1
358265363798044673	2	1	2	1	1
410867355380486144	1	0	5	1	1
403327814675345408	1	0	1	-1	0
393117642434682880	1	0	5	2	1
358424537194852352	1	5	1	1	-1
363605500295786497	1	0	1	1	1
434490761204080641	2	1	1	2	1
428197170718965760	2	0	5	-1	0
393158997491990528	1	1	-1	1	1
335389042298470400	1	5	1	2	0
335389042298470400	1	5	1	2	0
335389042298470400	1	5	1	2	0
17339429698	1	1	0	1	2
422934285893398528	0	1	1	2	0
388057562614333440	0	1	1	1	1
398953166248476672	1	2	1	0	1
401043445663297536	1	1	-1	1	2
350254357045972992	2	1	1	1	5
350254175415844865	1	0	1	1	1
402801727122206720	1	1	1	1	0
433300168331776000	1	1	0	1	1
398086476753158145	1	1	1	2	2
426757155010523136	2	1	0	1	-2
425343991823888384	1	1	1	1	1
407667155375648768	1	1	2	1	1
435507954922450945	1	1	1	1	1
429337910366990336	1	0	1	-1	1
377476773380108288	1	1	1	1	1
401002693248172032	1	1	0	0	-2
255475732787122176	1	-2	1	0	-1
393391125177696257	1	0	1	0	1
414119123526770688	1	0	2	0	5
338345738817896449	1	1	1	0	0
338345738817896449	1	1	1	0	0
338345738817896449	1	1	1	0	0
390217505043910657	1	2	2	1	2
301504799755612160	0	2	1	1	5
336144484154867712	1	5	1	1	2
293028762210160642	2	5	2	1	2
403573063414849536	1	5	1	-2	1
405407356613177345	1	5	2	1	1
429245131531636736	2	1	2	1	2
429337950238015488	1	5	1	-1	2
234144284994064384	1	5	1	0	2
397439788405784576	5	1	2	5	2
390888836819341312	1	1	2	-1	2
388707437093478401	0	1	1	1	1
69058240016678913	5	1	1	1	1
69058240016678913	5	1	1	1	1
381079644088188928	5	1	1	2	1
434048344575717376	5	1	1	2	1
350187009844850688	5	1	1	0	1
398235976910114817	5	1	1	0	1
402787203077926912	5	1	0	2	1
402787203077926912	5	1	0	2	1
427159188230651904	-1	1	1	1	1
428885611198836736	1	1	1	2	1
428885611198836736	1	1	1	2	1
375265662228529152	5	0	5	0	5
375265662228529152	5	0	5	0	5
402255703361859585	1	1	2	1	1
314108554376253440	5	1	1	2	1
402332315004592128	1	1	1	2	1
334030577768493056	1	1	1	2	1
421273706745569280	1	1	1	2	1
417839626515390464	1	2	1	2	1
411551373277143040	1	1	0	2	1
410707401479045120	1	1	1	2	2
349549016167616513	1	0	1	2	5
377183940374986752	0	1	1	1	5
393385140589563905	1	1	5	0	-1
410079092714004480	1	0	1	2	1
334025605370769408	1	1	1	2	2
258336104162406400	0	1	1	2	2
375268402148802561	1	1	0	1	0
394963874690367488	1	1	1	2	1
394963874690367488	1	1	1	2	1
394963874690367488	1	1	1	2	1
286986676780294144	1	1	1	1	1
293700816915812355	1	0	2	1	0
254028663174086656	1	0	1	1	0
427851185119563776	1	1	-1	2	-1
419564465097826304	1	1	2	1	1
419553899591507968	1	0	0	1	0
417344226729656321	1	1	0	1	1
395675478712791040	1	1	1	2	0
387938014195748865	1	1	1	1	0
387938014195748865	1	1	1	1	0
430691906646196224	0	1	2	2	-1
423958704422408192	1	1	1	1	1
436204213555953664	2	1	0	2	1
434695490500714497	1	1	1	1	-1
382630607399813121	1	0	1	2	1
407502150072139776	1	1	1	2	1
433365615659610112	0	1	1	1	0
290948034026680320	2	1	2	1	1
349208467208273920	2	1	2	1	1
408312037883015168	2	1	0	1	1
317174570035576832	2	2	2	2	2
430163470592389120	2	1	1	1	1
428679076207812608	2	2	2	2	2
230414084493950976	2	1	1	2	2
24603483065	2	1	-1	0	5
162721022603304960	2	1	0	0	0
388400047010091008	1	1	1	2	1
388400047010091008	1	1	1	2	1
388400047010091008	1	1	1	2	1
314392192493961216	1	1	1	5	1
425994626684956672	0	1	5	2	5
373860577250377728	1	2	2	2	2
351696698348810241	1	0	0	2	2
351696698348810241	1	0	0	2	2
410367017699393536	1	0	1	2	2
423151370414616576	1	1	1	1	2
407662322069417984	1	-1	1	1	2
421711764036665344	1	2	0	0	1
431060612110876672	1	2	1	1	0
433690507127296000	0	2	0	1	1
318759588226797568	1	2	1	1	1
435836670244835328	0	2	1	2	1
140274633625710592	1	2	1	2	2
400000956777369600	1	2	0	1	1
345880217144922113	0	2	1	1	-1
423079779164643328	1	2	-1	-1	0
410996321084899328	1	1	1	-2	1
317222330667499520	1	1	2	1	2
369818649269264384	0	0	1	1	2
429426610333569024	1	1	2	1	2
423140857026736128	1	1	1	1	2
395293014949507072	1	1	1	1	2
395293014949507072	1	1	1	1	2
430880335589826560	1	0	1	-2	2
396385351784476672	1	0	2	2	2
355689719226568704	1	1	1	1	2
361957252296474626	2	2	2	2	2
413759785465839616	1	1	1	1	1
413759785465839616	1	1	1	1	1
434769976248246272	2	2	2	1	1
325328951868284928	5	1	1	1	1
258894382101573634	2	1	1	1	0
333309988254658561	5	5	1	2	0
429265561814839296	2	1	1	2	1
391230150441828353	2	2	2	2	1
427145518725464064	1	1	1	2	1
409617993900257280	0	0	5	1	1
367943817577521152	0	1	5	2	1
410813422851211264	1	1	5	1	1
428385138540838912	1	1	1	1	1
329935517753946112	1	0	0	0	1
329935517753946112	1	0	0	0	1
259368892386926592	1	0	0	0	1
410516895373463552	1	1	5	1	1
410526762179629056	1	1	5	0	1
412907577991647232	0	1	1	0	1
352048097989365761	2	2	1	1	1
425685569747058688	1	1	2	0	2
425685569747058688	1	1	2	0	2
383698808518885376	5	1	0	1	1
426284611795054592	5	0	0	5	1
405074436644417536	5	2	1	2	2
374929896394731520	5	2	1	2	2
401108687822938112	5	-2	1	0	-1
401108687822938112	5	-2	1	0	-1
323381833758806016	1	-1	1	5	1
380546498217275392	1	2	1	1	1
369828838986878976	1	1	1	1	1
369828838986878976	1	1	1	1	1
290147839294701569	5	5	5	5	-1
430759075945906176	5	5	5	5	1
430759075945906176	5	5	5	5	1
350549367561789440	1	2	1	5	2
211465016761786369	1	1	1	1	1
211465016761786369	1	1	1	1	1
427901126886060032	1	1	1	1	1
202564842207461376	2	1	5	1	1
374975606351355905	-2	1	0	-1	0
429075035241058305	-2	-1	-1	-2	1
399735279436582912	2	-1	1	-2	-1
265929041066983425	2	1	5	0	1
422391408658350080	1	1	0	1	1
409052026837147648	2	1	1	2	1
390477016153067520	2	1	0	-2	1
403878019950845954	2	2	1	-2	0
388757316121538561	1	0	1	1	0
424177540203180032	1	0	1	1	5
316943250852290561	0	1	1	0	5
431992383690272768	1	0	1	1	5
346933715127107584	1	1	1	1	1
415322297256644608	0	-1	-1	-1	-2
114768362147553282	1	1	2	1	2
277095904996106240	1	0	1	1	-1
310947482882437121	1	0	0	1	5
403884062718173184	5	0	1	1	1
405619477133672448	1	0	2	1	1
334367571652517888	1	5	2	2	2
311143132630769664	1	1	2	2	2
260567564990693376	1	5	1	1	-2
376381766363148290	5	1	1	0	1
376381766363148290	5	1	1	0	1
199560394006728705	1	0	1	1	0
413342481913110529	2	0	1	1	1
413342481913110529	2	0	1	1	1
431837529936261120	2	1	1	2	1
431837529936261120	2	1	1	2	1
425361084389031936	1	0	0	1	1
429024472289390592	1	2	1	2	0
435984922486915072	1	1	0	-1	1
369992917445644288	1	1	1	1	2
31126035999227904	-1	1	1	-2	0
404636906484678656	1	2	2	1	2
404636906484678656	1	2	2	1	2
325266267525230595	1	0	-1	-1	-1
433642558598569984	-1	0	0	-1	0
423632170297876480	-1	1	0	-2	0
390611150217699328	1	1	5	1	1
404595087948398592	1	1	5	1	1
349859960848527360	1	1	1	5	2
334277598370725888	1	1	5	1	1
419153956200529920	1	1	2	2	2
387987223586435073	1	1	0	1	1
314760425302536192	1	1	0	0	1
429050044088459264	1	1	0	1	-1
427149011795988480	1	1	-1	-2	1
410971203718107136	1	0	0	1	1
392484712016379904	-1	1	2	-1	1
208083287179149313	0	1	2	5	1
396105270947897344	2	-2	2	2	1
429024472289390592	-1	0	2	1	2
425306939049136128	-1	1	-2	-2	-1
400712755873062912	-1	0	1	1	1
382235825125457920	-2	-1	2	2	-1
382235825125457920	-2	-1	2	2	-1
334678417695969281	-1	-1	2	5	2
328797512850882560	-1	5	1	5	2
328797512850882560	-1	5	1	5	2
430884694792884224	-1	1	-1	1	-1
421753963440918528	1	2	1	1	0
421753963440918528	1	2	1	1	0
260575935303135232	0	1	1	5	2
421337987755286529	1	0	2	1	2
393393897772027904	0	1	1	1	1
335078884078923776	1	-1	1	1	2
380716857931485184	-2	1	1	5	2
426420475838087168	-2	1	1	1	2
368438028336779265	0	1	0	1	-1
424842281813020673	0	1	-1	1	1
369892406977503232	1	0	0	1	1
431211796934840320	0	0	1	1	1
409853197562683392	1	1	2	5	2
393399967299010560	5	1	2	5	2
393399967299010560	5	1	2	5	2
403578587401302016	5	1	2	5	5
380414771838734336	1	0	-1	1	1
434406351679537152	5	1	0	5	5
71731296010895360	1	1	1	1	2
411017296052645889	0	1	1	0	2
370942908989325312	1	1	2	1	1
412655322008784896	0	0	2	2	1
305116303402881024	2	0	0	1	0
381926353211125761	0	1	1	1	2
381926353211125761	0	1	1	1	2
426820054869475328	1	1	2	1	2
430757228832751617	2	1	2	1	2
429791000983535616	2	1	2	2	2
422777431657701376	1	1	2	1	2
403702588744282112	5	1	1	-1	5
428943470762655744	2	2	1	1	5
377254203867295746	-2	1	-1	1	-2
403176441870708736	0	0	1	5	5
350211169807642625	0	2	1	-1	5
412956740162826241	1	2	1	0	1
370973545406291968	5	2	1	0	2
25440162222	5	0	1	1	5
307534242206867457	0	0	1	-1	5
172498599521955842	-2	0	1	1	5
393725300300722178	5	2	5	1	5
393725300300722178	5	2	5	1	5
380406447974002688	5	0	1	1	5
380713585346748416	5	2	0	1	5
426054623275646976	5	2	1	1	1
369835190224302081	5	1	5	1	0
380413936731840512	5	-1	1	-1	0
393818917560258561	0	1	-1	1	-2
414122639494377473	5	2	2	2	2
424842281813020673	1	0	5	1	5
307868397310443520	1	2	1	1	-1
307868397310443520	1	2	1	1	-1
411326602320941056	0	1	1	1	0
430897582597218304	0	-1	1	1	-1
434846401390837760	1	1	2	1	1
399001757965385728	0	1	2	2	-1
428961477874421760	1	1	-1	1	-1
428961477874421760	1	1	-1	1	-1
251381490229858304	1	1	1	1	0
432560065610911744	1	-1	0	2	0
428574868628856832	1	0	0	1	1
387572917707763712	1	1	1	1	0
341278514378600448	1	0	1	1	1
428306285340409856	1	2	-2	0	-2
387822013160886272	1	-1	1	2	1
260559843922944000	1	1	1	2	1
421022906970546176	1	1	1	1	-1
423472623168004096	1	0	-1	0	-2
329635033247805440	1	1	1	-1	-2
389029266178199552	0	-1	1	-1	1
269842296021860352	1	1	0	1	0
402925796878061568	1	1	0	1	5
334661441284096001	-1	1	1	1	5
427243945102675968	1	1	2	1	0
413687430659600384	-1	1	-2	-1	-2
402928793649971200	5	1	-1	1	0
408284422048206849	1	0	-2	-1	0
434011859407368192	1	1	1	-2	-1
411148844357783553	-1	1	-2	1	-1
143771775912771584	1	1	-1	1	0
428352668755435520	1	5	1	-1	1
421293029669220352	1	2	1	-2	1
426831547829084160	2	1	1	2	0
414453654348128257	0	1	-1	-2	-1
304216648456499201	0	-1	1	-1	1
403978193410850816	1	1	1	-2	-1
177241160992043008	1	2	1	1	1
430401752152948736	0	1	1	-1	1
347454139229405184	-2	-1	1	1	-2
428926619164880896	-1	-1	1	1	-2
383310562421395456	1	1	1	1	2
252524031939596288	1	1	1	0	1
390234864483463169	-1	-1	0	1	1
408577356031623168	2	1	0	1	0
429439857388048387	1	1	1	1	1
394804543965237248	1	1	1	1	1
245289976567308288	1	1	1	1	1
431949425251221504	-1	1	5	2	1
381060026120830976	0	0	5	1	0
428358787482013696	0	1	5	1	-1
428969067328724992	1	2	1	1	1
365915783643152384	0	2	1	1	1
392612901267054592	-1	-2	5	1	-1
310810995289378816	0	2	-1	1	-1
422872282759827456	-1	-1	-1	-1	-1
423170405873233920	1	1	1	1	-1
403005450645286913	5	1	1	1	0
433601954938642432	5	2	-1	-1	1
407293951217897472	5	0	0	0	5
420188048979402752	2	-2	-2	-2	-2
271985228648685568	2	1	0	0	1
432189680353030144	2	2	0	-2	1
386911365421879297	2	2	1	1	2
420184748799971329	1	2	1	1	0
420184748799971329	1	2	1	1	0
177099469668614144	2	-2	-1	-1	0
254975763533668354	1	2	5	1	1
404463986873094146	1	-2	-1	-2	-2
415610255914303488	1	1	1	-2	-1
419932838931468288	2	2	1	1	5
382647686039875584	5	2	1	1	1
382647686039875584	5	2	1	1	1
382647686039875584	5	2	1	1	1
340557021386514432	1	1	1	1	5
381148350445154304	1	1	1	1	0
411150109343109120	5	2	1	1	0
390600087438905345	5	-1	-2	-2	5
431007070671110144	1	-1	-1	0	-1
316573636616155136	1	2	1	1	1
347454418632978432	2	2	-1	-1	0
397370962372341761	1	-1	-2	1	1
419097512289386496	1	-2	5	1	-1
423477600082997248	0	1	5	-1	-2
373870723548585984	1	2	-2	1	1
410489868309889024	2	1	5	1	1
416239491066523648	1	-1	0	-2	0
416239491066523648	1	-1	0	-2	0
413708635915948032	1	0	-2	1	1
430365871652208640	1	1	5	1	0
424753244611825665	0	2	-1	0	-1
319523070681427968	1	2	1	0	0
319523070681427968	1	2	1	0	0
412633394577944576	1	1	1	1	1
139176730870038528	1	1	-2	-2	-2
331361985319026689	2	1	1	5	-1
331361985319026689	2	1	1	5	-1
400563299965599744	2	-2	-1	0	-2
305153172618485760	1	2	-2	-2	1
400416727558676480	0	1	5	5	2
410883026608857089	1	2	1	0	-1
429043997235875840	5	1	1	1	-1
421822684167950336	1	1	1	1	1
407625798859116545	1	-1	-2	1	-2
424923087063494656	0	0	-2	0	1
413058698547036160	-2	1	-1	5	-2
420932388684713984	2	2	1	1	0
426099000975314944	1	1	1	5	1
388841506716790784	1	1	1	5	1
399891672622170112	5	1	5	5	5
426033524085239808	2	0	1	5	-1
426033524085239808	2	0	1	5	-1
218406925942009856	1	1	1	1	-1
218406925942009856	1	1	1	1	-1
385605853640155136	1	2	1	5	0
218431051305979905	1	1	-1	-1	-1
421106688280629248	1	0	1	5	-1
418434845455290368	1	1	1	5	1
360502941624442881	1	0	1	5	5
435870745194160129	1	0	1	-1	0
435870745194160129	1	0	1	-1	0
430151664956604417	1	1	5	-1	-2
397490090382852096	0	1	0	1	1
422544316977123328	1	1	0	1	5
379381434630541312	-1	1	0	-1	0
407626340163420160	-2	1	-1	-2	2
142408049800396800	-1	-1	-1	0	1
422840838709059584	-2	-2	5	-2	2
422840838709059584	-2	-2	5	-2	2
415590773480910848	0	2	0	-1	5
365916933171851264	-1	1	5	1	2
283298648211746816	1	5	1	0	1
404312891299745792	1	-1	0	1	1
405458582352576512	0	0	1	1	-1
420967730355789824	1	0	1	1	1
420967730355789824	1	0	1	1	1
426791242782240769	1	0	0	1	1
414847095695495169	1	-1	0	-1	0
383406124516794368	0	1	2	1	2
357176279474253824	1	5	1	1	1
355651206506483713	1	1	2	1	1
377403462868557825	0	1	1	1	1
260803586890555392	5	1	1	1	1
355650783930355712	1	1	1	1	2
427860172628049921	1	1	1	0	2
337315354898489344	1	1	1	1	2
294091224938340353	1	2	0	1	2
394927255388164096	1	2	1	1	2
380438708085727232	0	1	1	1	1
428326357584867328	2	1	1	1	2
403985461330206720	2	1	1	1	2
403985461330206720	2	1	1	1	2
431260654537019392	2	1	0	1	2
353200452113928192	1	1	1	1	2
431407193435693056	1	1	1	2	2
17170955812	2	1	1	1	2
426714486951936000	1	1	1	1	2
241247392140238849	1	0	1	1	2
428579671442079744	1	1	1	1	2
400233014204317696	1	1	1	0	0
381795666399223808	1	2	1	2	1
353206675412496384	0	2	2	2	2
397778864459370496	1	1	-1	2	1
412925727936245760	0	1	2	2	1
425749424069824512	1	1	1	1	0
434428371087675392	1	1	1	2	0
434428371087675392	1	1	1	2	0
251797492381921281	1	1	1	2	-2
431207388058624000	1	2	2	1	2
353224982643490817	2	1	1	2	2
425440382642843648	2	1	5	1	2
95665539606773760	2	0	1	2	1
430546956734435328	2	1	5	2	2
420988502701260800	1	2	2	1	2
428246328934948864	2	2	2	1	2
414022626986569729	2	1	5	2	2
420644461103038464	1	1	0	1	2
410977085478273024	1	2	0	1	2
397778864459370496	0	1	1	1	2
411205609619333120	2	1	1	1	5
400334977579368448	2	1	1	1	-1
430359136791175168	1	1	-2	1	-2
430724219283206144	-1	1	1	-1	1
332559526005981184	-1	1	1	-1	1
173193042570911747	2	1	0	1	1
325249468939259907	2	1	0	1	1
318081775337369601	1	1	1	1	1
420197105047568385	1	1	1	1	5
420197105047568385	1	1	1	1	5
421258204426027009	1	1	2	1	2
161645906918260737	2	2	5	2	5
380121761880096769	2	2	1	2	2
116631021860028416	1	1	5	1	5
336934608723668992	1	1	1	2	1
409065534953885696	5	1	5	2	5
336950410881404928	2	1	5	2	5
323982093455601664	2	1	1	2	1
420196568650612736	2	1	1	2	1
321647018365816832	1	2	1	2	1
218096102090612738	1	1	1	2	1
420196676234510337	2	1	2	2	1
420205405638098944	2	0	2	2	1
328109902365085696	1	0	2	2	1
408322212450402304	0	1	5	1	0
351722875385950208	0	1	1	2	1
277027309217775617	1	1	2	2	1
324249580608819200	1	1	2	2	1
324307710671736832	1	1	2	1	1
324307710671736832	1	1	2	1	1
410169021322231808	1	1	5	0	1
373865581214441472	2	1	5	1	1
376818547407990784	2	2	1	1	1
390287263709810689	1	1	1	1	1
342771559095734272	2	2	2	1	5
14476791800406016	2	2	1	2	5
353840151685906433	2	2	2	1	1
347022232712781824	1	1	1	2	1
312304278255566848	1	5	5	5	5
339701601805672448	1	1	1	1	1
398020075459846144	2	0	1	1	0
434909941443592192	0	1	1	-1	2
412987411241500672	1	1	0	2	1
180270436909719552	1	1	0	2	1
325194489947885570	1	1	1	2	1
324580354042253312	0	1	1	2	2
407505839931408384	2	1	1	2	1
402949002255015936	1	1	1	2	1
431834037733568513	1	1	1	0	1
427902110823243776	1	1	2	0	1
410175741200834560	1	1	2	0	1
373027451300888576	1	0	2	1	5
373027451300888576	1	0	2	1	5
373027451300888576	1	0	2	1	5
344448055824744449	1	1	2	-1	2
414122639494377473	1	1	2	1	1
388692442708328448	1	2	1	1	1
210180678254465027	1	1	2	1	1
359694698610302979	1	1	1	1	1
367680966598213632	1	1	1	1	2
401796651922501633	1	5	1	-1	1
388139823649009664	2	-1	1	1	1
388139823649009664	2	-1	1	1	1
161168381679108096	-1	1	1	1	1
417662654925520896	0	0	-1	1	0
314050053855662080	1	1	2	1	1
325143070561689600	1	5	1	1	1
325143070561689600	1	5	1	1	1
137648702029438977	1	5	0	1	0
389765102628782080	1	1	2	1	1
405250495423344640	5	5	1	1	0
362204664181174272	1	1	2	1	1
390539535295062017	2	1	1	2	1
336982997364506624	2	0	1	2	0
336982997364506624	2	0	1	2	0
348236302975631364	2	1	2	2	1
348236302975631364	2	1	2	2	1
392673133624168448	2	2	1	2	-1
427618694672707585	2	5	1	2	1
